{
    "accuracy": 0.8406374501992032,
    "f1_score": 0.8507462686567164,
    "classification_report": {
        "No": {
            "precision": 0.8818181818181818,
            "recall": 0.782258064516129,
            "f1-score": 0.8290598290598291,
            "support": 124.0
        },
        "Yes": {
            "precision": 0.8085106382978723,
            "recall": 0.8976377952755905,
            "f1-score": 0.8507462686567164,
            "support": 127.0
        },
        "accuracy": 0.8406374501992032,
        "macro avg": {
            "precision": 0.8451644100580271,
            "recall": 0.8399479298958598,
            "f1-score": 0.8399030488582728,
            "support": 251.0
        },
        "weighted avg": {
            "precision": 0.8447263171684635,
            "recall": 0.8406374501992032,
            "f1-score": 0.8400326490949075,
            "support": 251.0
        }
    }
}