{
    "accuracy": 0.848605577689243,
    "f1_score": 0.8571428571428571,
    "classification_report": {
        "No": {
            "precision": 0.8839285714285714,
            "recall": 0.7983870967741935,
            "f1-score": 0.8389830508474576,
            "support": 124.0
        },
        "Yes": {
            "precision": 0.8201438848920863,
            "recall": 0.8976377952755905,
            "f1-score": 0.8571428571428571,
            "support": 127.0
        },
        "accuracy": 0.848605577689243,
        "macro avg": {
            "precision": 0.8520362281603289,
            "recall": 0.848012446024892,
            "f1-score": 0.8480629539951574,
            "support": 251.0
        },
        "weighted avg": {
            "precision": 0.8516550447746526,
            "recall": 0.848605577689243,
            "f1-score": 0.8481714787339745,
            "support": 251.0
        }
    }
}