{
    "accuracy": 0.7410358565737052,
    "f1_score": 0.7509578544061303,
    "classification_report": {
        "No": {
            "precision": 0.6929133858267716,
            "recall": 0.7719298245614035,
            "f1-score": 0.7302904564315352,
            "support": 114.0
        },
        "Yes": {
            "precision": 0.7903225806451613,
            "recall": 0.7153284671532847,
            "f1-score": 0.7509578544061303,
            "support": 137.0
        },
        "accuracy": 0.7410358565737052,
        "macro avg": {
            "precision": 0.7416179832359664,
            "recall": 0.7436291458573441,
            "f1-score": 0.7406241554188328,
            "support": 251.0
        },
        "weighted avg": {
            "precision": 0.746080954313303,
            "recall": 0.7410358565737052,
            "f1-score": 0.7415710680750394,
            "support": 251.0
        }
    }
}